task,category,title,print_time,hours,filament_cm3,filament_g,cost_usd
tube_rack_1p5ml,benchware,24-place 1.5 mL tube rack,5h 26m 54s,5.45,63.5,78.7,1.97
conical_rack_50ml,benchware,"50 mL conical tube rack, printed inverted",4h 9m 34s,4.16,55.6,69.0,1.73
slide_drying_rack,benchware,Microscope slide drying rack,2h 46m 43s,2.78,36.8,45.6,1.14
pcr_tube_rack_sbs,benchware,"96-place PCR tube rack, SBS footprint",8h 8m 41s,8.14,74.9,92.9,2.32
gel_comb_10well,tools,10-well agarose gel comb,11m 32s,0.19,2.2,2.7,0.07
micropestle_1p5ml,tools,Micropestle for 1.5 mL tubes,26m 34s,0.44,1.5,1.9,0.05
lab_funnel_60mm,tools,60 mm lab funnel,37m 44s,0.63,7.5,9.3,0.23
seed_sowing_template,tools,Seed-sowing template for a 90 mm Petri dish,50m 24s,0.84,9.5,11.8,0.3
dshaft_knob_6mm,quick-fixes,Replacement knob for a 6 mm D-shaft,21m 7s,0.35,4.0,5.0,0.12
pcr_tube_adapter,quick-fixes,0.2 mL-in-1.5 mL tube adapter sleeve,10m 41s,0.18,1.2,1.5,0.04
hose_barb_reducer_8_5,quick-fixes,"Hose-barb reducer, 8 mm to 5 mm tubing",18m 33s,0.31,1.4,1.7,0.04
rod_tubing_clip,quick-fixes,Snap-on tubing clip for a lab stand rod,6m 49s,0.11,1.2,1.5,0.04
stirrer_fan_housing,hardware,Magnetic stirrer housing for an 80 mm PC fan,3h 7m 49s,3.13,43.5,53.9,1.35
nema17_motor_bracket,hardware,NEMA 17 motor L-bracket,59m 51s,1.0,11.4,14.2,0.35
enclosure_box_and_lid,hardware,Electronics enclosure with slip-fit lid,1h 40m 19s,1.67,27.3,33.9,0.85
mini_gel_tank,hardware,Mini gel-electrophoresis buffer tank,4h 18m 57s,4.32,68.1,84.4,2.11
